ID,Title,FName,LName,Email,National,Country,Phone,TRoom,Bed,NRoom,Meal,cin,cout,stat,nodays
4,Dr.,"Ivan Miles",Vista,ivanmilesmvista@gmail.com,Filipino,Philippines,09876543210,"Superior Room",Single,1,"Room only",2023-04-29,2023-04-30,"Not Conform",1
5,Miss.,Anna,"De La Cruz",annadelacruz@gmail.com,Filipino,Philippines,0915077263,"Deluxe Room",Quad,1,"Half Board",2023-04-29,2023-05-04,"Not Conform",5
6,Mrs.,Juanita,Estacio,juanita@gmail.com,Foreigner,Thailand,09783746235,"Guest House",Single,1,"Half Board",2023-04-24,2023-05-06,Conform,12
7,Dr.,John,Smith,johnsmith@gmail.com,Foreigner,"United States",1234567890,"Deluxe Room",Double,1,"Room only",2023-05-13,2023-05-15,"Not Conform",
8,Mr.,David,Johnson,davidjohnson@gmail.com,Filipino,Philippines,0987654321,"Guest House",Single,1,Breakfast,2023-06-01,2023-06-05,Conform,
9,Miss,Sarah,Miller,sarahmiller@gmail.com,Foreigner,Canada,9876543210,"Superior Room",Triple,1,"Full Board",2023-07-10,2023-07-20,"Not Conform",
10,Mrs.,Emily,Brown,emilybrown@gmail.com,Filipino,Philippines,8765432109,"Deluxe Room",Double,1,"Room only",2023-08-15,2023-08-20,Conform,
11,Prof.,Michael,Davis,michaeldavis@gmail.com,Foreigner,"United States",7654321098,"Guest House",Single,1,Breakfast,2023-09-03,2023-09-08,"Not Conform",
12,Rev.,Robert,Wilson,robertwilson@gmail.com,Filipino,Philippines,6543210987,"Superior Room",Quad,1,"Half Board",2023-10-12,2023-10-20,Conform,
13,"Rev. ",Thomas,Anderson,thomasanderson@gmail.com,Foreigner,"United Kingdom",5432109876,"Deluxe Room",Triple,1,"Full Board",2023-11-25,2023-12-01,"Not Conform",
14,Miss,Sophia,Lee,sophialee@gmail.com,Filipino,Philippines,4321098765,"Guest House",Single,1,"Room only",2023-12-10,2023-12-15,Conform,
15,Mr.,Daniel,Taylor,danieltaylor@gmail.com,Foreigner,Australia,3210987654,"Superior Room",Double,1,Breakfast,2024-01-05,2024-01-10,"Not Conform",
16,Dr.,Olivia,Martinez,oliviamartinez@gmail.com,Filipino,Philippines,2109876543,"Deluxe Room",Triple,1,"Half Board",2024-02-15,2024-02-20,Conform,
17,Mrs.,Benjamin,Harris,benjaminharris@gmail.com,Foreigner,"United States",1098765432,"Guest House",Single,1,"Full Board",2024-03-10,2024-03-15,"Not Conform",
18,Prof.,Emma,Clark,emmaclark@gmail.com,Filipino,Philippines,0987654321,"Superior Room",Quad,1,"Room only",2024-04-05,2024-04-10,Conform,
19,Rev.,James,Walker,jameswalker@gmail.com,Foreigner,Canada,9876543210,"Deluxe Room",Double,1,Breakfast,2024-05-15,2024-05-20,"Not Conform",
20,Miss,Lucas,Adams,lucasadams@gmail.com,Foreigner,"United States",7654321098,"Superior Room",Triple,1,"Full Board",2024-07-05,2024-07-10,"Not Conform",
21,Mr.,Isabella,Collins,isabellacollins@gmail.com,Filipino,Philippines,6543210987,"Deluxe Room",Double,1,"Room only",2024-08-15,2024-08-20,Conform,
22,Dr.,William,Turner,williamturner@gmail.com,Foreigner,"United Kingdom",5432109876,"Guest House",Single,1,Breakfast,2024-09-03,2024-09-08,"Not Conform",
23,Mrs.,Alexander,Parker,alexanderparker@gmail.com,Filipino,Philippines,4321098765,"Superior Room",Quad,1,"Half Board",2024-10-12,2024-10-20,Conform,
24,Prof.,Ava,Cook,avacook@gmail.com,Foreigner,Australia,3210987654,"Deluxe Room",Triple,1,"Full Board",2024-11-25,2024-12-01,"Not Conform",
25,Rev.,Ethan,Garcia,ethangarcia@gmail.com,Filipino,Philippines,2109876543,"Guest House",Single,1,"Room only",2024-12-10,2024-12-15,Conform,
26,Miss,Jacob,Hall,jacobhall@gmail.com,Filipino,Philippines,0987654321,"Deluxe Room",Double,1,"Room only",2025-02-15,2025-02-20,Conform,
27,Mr.,Mia,Young,miayoung@gmail.com,Foreigner,"United States",9876543210,"Guest House",Single,1,Breakfast,2025-03-10,2025-03-15,"Not Conform",
28,Dr.,Noah,King,noahking@gmail.com,Filipino,Philippines,8765432109,"Superior Room",Triple,1,"Full Board",2025-04-05,2025-04-10,Conform,
29,Mrs.,Sophia,Ward,sophiaward@gmail.com,Foreigner,Canada,7654321098,"Deluxe Room",Quad,1,"Half Board",2025-05-15,2025-05-20,"Not Conform",
30,Prof.,Logan,Baker,loganbaker@gmail.com,Filipino,Philippines,6543210987,"Guest House",Single,1,"Room only",2025-06-10,2025-06-15,Conform,
31,Rev.,Amelia,Hill,ameliahill@gmail.com,Foreigner,"United Kingdom",5432109876,"Superior Room",Double,1,Breakfast,2025-07-05,2025-07-10,"Not Conform",
32,Miss,Michael,Robinson,michaelrobinson@gmail.com,Filipino,Philippines,3210987654,"Guest House",Single,1,"Half Board",2025-09-03,2025-09-08,"Not Conform",
33,Mr.,Emily,Lewis,emilylewis@gmail.com,Foreigner,"United States",2109876543,"Superior Room",Quad,1,"Full Board",2025-10-12,2025-10-20,Conform,
34,Dr.,Aiden,Hall,aidenhall@gmail.com,Filipino,Philippines,1098765432,"Deluxe Room",Double,1,"Room only",2025-11-25,2025-12-01,"Not Conform",
35,Mrs.,Ethan,Adams,ethanadams@gmail.com,Foreigner,Australia,0987654321,"Guest House",Single,1,Breakfast,2025-12-10,2025-12-15,Conform,
36,Prof.,Olivia,Johnson,oliviajohnson@gmail.com,Filipino,Philippines,9876543210,"Superior Room",Triple,1,"Room only",2026-01-05,2026-01-10,"Not Conform",
37,Rev.,James,Martin,jamesmartin@gmail.com,Foreigner,Canada,8765432109,"Deluxe Room",Quad,1,"Half Board",2026-02-15,2026-02-20,Conform,
40,Dr.,"Ivan Miles",Vista,ivanmilesmvista@gmail.com,Filipino,Philippines,09876543210,"Superior Room",Single,1,"Room only",2023-04-29,2023-04-30,"Not Conform",1
